Location,Locations_Translate,Frequence,Latitude,Longitude,Locations_Real
東海道,Tokaido,3657,35,138,True
江戸,Edo,3328,33,130,True
東都,Toto,1602,34,112,False
東京,Tokyo,781,35,139,False
木曽,Kiso,670,35,136,True
の,of,545,60,9,False
橋,bridge,478,24,120,True
江,Jiang,476,35,111,False
山,Mountain,462,35,138,False
川,Sichuan,452,30,102,False
大,Big,448,8,-61,False
三,three,429,48,3,False
金,gold,411,37,112,False
浪,wave,396,29,93,False
浅草,Asakusa,392,35,139,True
都,All,392,50,3,False
近江,Omi,363,30,104,False
御,Go,356,34,113,False
両国,Ryogoku,332,35,139,True
日本橋,Nihonbashi,328,35,139,True
池,Pool,294,33,133,True
坂,Saka,291,38,42,False
富,rich,288,35,109,False
上野,Ueno,285,35,139,True
社,society,279,40,-84,False
吉原,Yoshihara,275,35,112,False
芝,Shiba,266,35,139,True
新,new,263,42,85,False
京都,Kyoto,263,34,135,True
町,town,246,39,140,True
富士,Fuji,242,35,138,True
高,high,235,28,104,False
観音,Kannon,226,35,140,True
隅田川,Sumida River,223,35,139,True
品川,Shinagawa,214,35,139,True
日本,Japan,203,36,139,True
が,But,197,32,-83,False
原,Original,195,35,138,True
石,stone,194,24,125,False
真,real,189,34,136,False
深川,Fukagawa,184,43,142,True
か,mosquito,183,14,75,False
二,two,175,52,-7,False
亀,turtle,174,27,107,False
箱根,Hakone,173,35,139,True
京,Beijing,171,39,116,False
宮,palace,170,28,104,False
関,Seki,170,36,115,False
は,teeth,166,-17,31,False
水,water,165,45,131,True
堂,Hall,161,39,118,False
さ,difference,160,25,42,False
梅,plum,159,24,116,False
冨,冨,158,25,56,False
洲,Continent,158,34,133,True
し,death,157,24,125,False
日,day,154,41,-71,False
武蔵,Musashi,152,35,139,True
王子,Prince,152,35,139,True
相,Mutually,147,27,111,False
小,small,147,35,137,False
東,East,146,15,114,False
不,No,144,42,-71,False
お,Oh,144,58,12,False
道,road,141,25,111,False
駿河,Suruga,141,23,113,False
忍,Tolerate,138,48,-1,False
田,field,135,35,136,True
飛鳥,Asuka,134,34,135,True
白,White,133,34,116,False
赤坂,Akasaka,133,35,139,True
よし,Alright,132,34,133,False
愛宕,Atago,128,38,141,True
天満,Tenma,128,34,135,True
吉田,Yoshida,128,37,138,True
玉川,Tamagawa,128,34,135,True
市,city,127,24,125,False
舞,dance,123,19,56,False
稲荷,Inari,122,34,135,True
伊勢,Ise,122,35,136,True
矢,arrow,122,24,125,False
天神,Tenjin,120,33,130,True
今,now,119,37,112,False
清水,Shimizu,118,34,106,False
目黒,Meguro,116,35,139,True
わ,circle,116,47,-120,False
川崎,Kawasaki,113,35,139,True
神田,Kanda,112,35,139,True
土,soil,111,-26,-64,False
ま,Devil,111,31,-7,False
由,Depend on,111,27,113,False
山城,Mountain city,111,35,114,False
神奈川,Kanagawa,110,35,139,True
藤,rattan,110,23,110,False
大津,Otsu,108,35,135,True
猿,ape,107,19,100,False
御殿,Palace,106,36,139,False
小田原,Odawara,106,35,139,True
庄,village,105,34,133,True
岡崎,Okazaki,105,34,137,True
と,When,104,-19,-175,False
柳,willow,103,46,11,False
下,Down,102,35,111,False
金沢,Kanazawa,102,36,136,True
堤,embankment,100,44,5,False
浜松,Hamamatsu,100,34,137,True
増,Increase,100,34,138,True
草津,Kusatsu,100,35,135,True
平塚,Hiratsuka,100,35,139,True
弁天,Benzaiten,99,35,140,True
松,loose,99,2,112,False
横浜,Yokohama,99,35,139,True
武,Wu,98,31,130,True
た,rice field,98,40,17,False
ば,palce,94,44,17,False
み,fruit,94,39,-100,False
本,Book,93,46,7,False
寺,Temple,93,45,14,False
大井,Oi,93,34,133,True
嵐,storm,92,49,3,False
桑名,Kuwana,92,35,136,True
井,well,91,39,116,False
天,sky,91,60,16,False
とう,tower,91,16,80,False
見,You see,90,27,114,False
戸塚,Totsuka,90,35,139,True
藤枝,Fujieda,90,34,138,True
明神,Myojin,90,36,139,True
仲,Zhong,89,30,108,False
湯,soup,89,39,118,False
浦,Pu,89,43,12,False
鳴,Ming,87,34,133,True
三島,Mishima,87,35,138,True
な,Na,87,-23,17,False
花,flower,87,16,107,False
はし,bridge,85,34,132,False
あ,Ah,85,14,100,False
沼津,Numazu,84,35,138,True
だ,is,84,8,-61,False
蒲,Po,84,43,12,False
八,Eight,83,44,17,False
四日市,Yokkaichi,83,34,136,True
府中,Fuchu,83,35,139,True
霞,Xia,82,35,111,False
袋,bag,81,39,112,False
通,Pass,80,58,-6,False
一,one,79,39,115,False
龍,Dragon,79,38,101,False
亀山,Kameyama,78,34,136,True
い,stomach,78,47,11,False
大和,Yamato,77,35,139,True
永,forever,77,18,105,False
程,Procedure,77,22,115,False
藤沢,Fujisawa,74,35,139,True
東海,Tokai,74,43,137,False
甲州,Koshu,74,35,139,True
三井,Mitsui,74,25,112,False
五,five,73,19,56,False
叡,Wise,73,48,-103,False
朝,Morning,73,-8,-78,False
諸,various,73,35,132,False
唐,Tang,73,39,118,False
や,or,72,27,85,False
す,vinegar,72,33,119,False
馬,horse,71,31,-7,False
月,moon,70,23,113,False
堀,Hori,70,29,47,False
興,prosper,70,38,111,False
千,thousand,69,27,107,False
汐,Xi,69,26,101,False
万,ten thousand,69,32,117,False
内,Inside,68,-27,-48,False
四,Four,68,45,14,False
祇園,Gion,68,35,135,True
駿,Jun,68,-11,-75,False
石山,Ishiyama,67,34,135,True
に,To,66,54,-6,False
岡部,Okabe,66,36,139,True
しま,Shima,66,34,136,False
ん,Hmm,66,2,102,False
摂津,Settsu,66,34,135,True
西,WEAT,65,26,101,False
[UNK],[UNK],64,0,0,False
上総,Kazusa,64,42,116,False
荒井,Arai,64,34,134,True
神明,Gods,64,35,136,True
市川,Ichikawa,63,35,139,True
広,Wide,63,34,132,True
陸奥,Mutsu,62,29,120,False
相模,Sagami,62,35,137,True
嶋,嶋,62,25,111,False
不動,Immovable,61,39,141,True
秩父,Chichibu,61,37,121,False
島田,Shimada,61,34,138,True
島,island,60,25,111,False
国,country,60,42,0,False
信州,Shinshu,59,38,112,False
木,Wood,59,-20,57,False
上,superior,59,43,129,False
掛川,Kakegawa,59,34,138,True
赤羽,Akabane,59,35,139,True
長,long,58,34,104,False
沢,Sawa,58,43,0,False
摂,Set,58,40,-84,False
八幡,Yawata,58,35,139,False
比,Compare,58,50,4,False
間,between,57,27,114,False
竜,Dragon,57,38,101,False
岩,rock,57,29,103,False
十,ten,57,24,125,False
坂東,Bando,57,35,140,True
峠,Pass,57,37,140,True
甲斐,Kai,56,26,105,False
山王,Sanno,56,35,136,True
え,Huh,55,31,112,False
諏訪,Suwa,55,32,129,True
遠江,Totomi,55,28,112,False
駅,station,55,39,115,False
三河,Mikawa,55,39,117,False
わたし,I,55,-34,-54,False
う,Cormorant,54,-43,-68,False
大橋,Bridge,54,23,120,True
滝,waterfall,54,38,101,False
中,middle,54,30,108,False
ご,Go game,54,-15,-50,False
海,Ocean,54,35,137,True
外,outside,53,17,73,False
清,clear,53,35,95,False
「,「,53,0,0,False
ゐ,ゐ,52,44,-89,False
隅,corner,52,34,113,False
さん,Mr. Miss,51,48,3,False
両,Both,51,22,112,False
河原,Kawahara,51,24,115,False
目,eye,51,-20,57,False
堅,Strong,50,27,114,False
神,God,50,35,139,False
三条,Three,49,35,135,True
野,wild,49,16,47,False
契,Contract,49,35,139,False
せき,cough,49,41,47,False
##東,##East,48,15,114,False
保,Save,48,42,2,False
西国,Saigoku,48,35,116,False
秋葉,Akihabara,48,37,139,True
安,install,48,37,-4,False
中村,Nakamura,47,32,132,True
紀伊,Kii,47,34,135,True
住吉,Sumiyoshi,47,34,135,True
すみ,Sumi,47,50,34,False
下総,Shimosa,47,27,99,False
女,Female,47,40,-74,False
粟,millet,46,33,119,False
てん,point,46,45,4,False
岡,Gang,46,22,114,False
する,do,46,5,121,False
瀬,Set,46,46,9,False
里,inside,46,47,9,False
浮世,world,45,35,138,False
亀井,Kamei,45,32,130,True
日光,sunlight,45,36,139,True
台,tower,44,14,100,False
大山,Oyama,44,36,137,True
洛,Luo,44,-11,19,False
き,tree,44,0,173,False
竹,bamboo,44,35,132,True
ふ,debt,44,25,56,False
吾妻,Azuma,44,34,132,True
名物,Specialty,44,28,118,False
大阪,Osaka,43,34,135,True
ノ,of,43,60,9,False
大坂,Osaka,43,34,135,False
せ,height,43,59,14,False
琉球,Ryukyu,43,39,140,False
伊,Yi,43,39,115,False
岐,Qi,43,35,139,False
かん,intuition,43,38,-98,False
築地,Tsukiji,43,35,139,True
阪,Saka,43,38,42,False
あら,fault,43,6,-71,False
弁,valve,42,46,5,False
虎,Tiger,42,47,19,False
めい,niece,42,24,116,False
尾張,Owari,41,35,133,True
元,Yuan,41,19,100,False
馬場,Baba,41,22,114,False
茶,Tea,40,33,108,False
家,Family,40,38,110,False
薩,Sa,40,25,42,False
南,South,40,29,112,False
七,seven,40,35,139,False
鐘,Bell,39,30,108,False
ど,degree,39,19,-70,False
ふじ,Fuji,39,35,138,False
同,same,39,58,-6,False
河,River,39,50,9,False
川口,Kawaguchi,38,35,139,True
左,Left,38,33,129,False
牛,Cattle,38,9,17,False
玉,Jade,38,34,113,False
調布,Chofu,37,35,139,True
墨,ink,37,38,-92,False
赤,Red,37,33,130,True
しん,core,36,35,104,False
加,add,36,38,110,False
鎧,armor,35,35,138,False
こ,child,35,35,47,False
黒,black,35,48,127,False
遠,Far,35,19,100,False
音,sound,35,43,81,False
権,Right,35,-14,-75,False
淀川,Yodo River,35,34,135,True
長崎,Nagasaki,35,32,129,True
鴻,Hung,34,28,115,False
ゅう,Yu,34,0,0,False
桜田,Sakurada,34,40,141,True
伏見,Fushimi,34,26,117,False
六,six,34,46,11,False
乳,milk,34,54,-3,False
新町,Shinmachi,34,31,130,True
門,door,34,45,-68,False
夜,Night,34,16,47,False
円,Circle,34,19,100,False
羽,feather,34,34,113,False
駒,Horse,34,47,7,False
浜,Bang,33,34,133,True
塚,mound,33,30,108,False
紀,discipline,33,39,116,False
ほん,book,33,29,15,False
肥前,Hizen,33,36,137,False
太,too,33,14,100,False
名,name,33,36,139,True
塩,salt,33,29,103,False
泉,spring,33,-14,-75,False
尾上,Onoe,32,40,140,True
団,Dan,32,35,114,False
久,Long,32,44,23,False
鈴鹿,Suzuka,32,34,135,True
小金,Xiaojin,32,31,102,False
雪,Snow,32,34,134,False
谷,Valley,32,13,144,False
屋,Room,32,19,56,False
犬,dog,32,-14,-75,False
府,House,32,25,56,False
山下,Yamashita,32,37,140,True
当時,at that time,32,21,108,False
平,flat,32,37,138,True
わら,Straw,31,-7,112,False
高田,Takada,31,34,135,True
つ,Tsu,31,34,136,False
奥州,Oshu,31,-24,134,False
神社,shrine,31,24,120,True
播,broadcast,31,-17,-64,False
源,source,31,19,100,False
縄,rope,31,39,141,False
渡,Crossing,30,47,6,False
首,head,30,32,116,False
伝,Den,30,25,102,False
桜,Cherry blossoms,30,35,136,True
酒,liquor,30,44,23,False
伊豆,Izu,30,30,111,False
母,mother,30,-20,57,False
越後,Echigo,30,34,135,True
妙,wonderful,30,40,141,True
熱田,Atsuta,30,35,136,True
九,Nine,30,29,115,False
かす,Lend,30,1,103,False
湊,Make up,29,34,135,True
本所,Honjo,29,37,139,True
年,year,29,-5,146,False
村,village,29,5,-74,False
美人,beauty,29,35,139,True
院,hospital,29,19,100,False
丁,Ding,28,35,111,False
鎌倉,Kamakura,28,35,139,False
り,the law of nature,28,41,-71,False
備前,Bizen,28,34,135,True
雨,rain,28,34,113,False
更,Even,28,37,138,False
板,plate,28,38,42,False
越中,Etchu,28,28,100,False
三浦,Miura,28,35,134,True
下野,Shimotsuke,28,35,140,True
まつ,Pine tree,28,34,133,False
宇,Yu,28,34,113,False
あす,tomorrow,28,-25,-57,False
大川,Okawa,27,31,107,False
鹿,deer,27,49,6,False
四条,Four,27,35,135,False
雑,rough,27,-28,24,False
向島,Mukaishima,27,33,129,True
豊川,Toyokawa,27,34,137,True
しば,Shiba,27,27,105,False
丹後,Tango,27,35,139,True
葵,sunflower,27,37,127,False
新宿,Shinjuku,27,35,139,True
岩井,Iwai,27,27,101,False
ざ,seat,26,-28,24,False
鏡,mirror,26,39,116,False
讃岐,Sanuki,26,34,135,True
ち,blood,26,17,73,False
播磨,Harima,26,35,136,True
さる,Monkey,26,44,25,False
あし,legs,25,20,78,False
平安,Safety,25,36,101,False
昌,Chang,25,27,84,False
どう,copper,25,50,3,False
参,Participate,25,49,0,False
さくら,Cherry Blossoms,25,36,139,False
ごく,Very,25,18,-69,False
堺,Sakai,25,34,135,True
美濃,Mino,24,5,100,False
浅,shallow,24,27,107,False
魚,fish,24,34,113,False
),),24,0,0,False
大野,Ohno,24,37,140,True
阿波,Awa,24,35,134,True
渡し,Passing,24,35,68,False
ず,figure,24,18,54,False
安芸,Aki,24,33,133,True
内藤,Naito,24,34,135,False
華,magnificent,24,16,107,False
嵯峨,Saga,24,34,108,False
常,often,24,35,135,True
##ば,##palce,24,44,17,False
崎,Saki,24,35,139,False
古,antiquity,24,13,144,False
丸,pill,24,32,117,False
妻,wife,24,35,139,False
ヶ,Month,23,44,142,False
信濃,Shinano,23,32,120,False
宿,Inn,23,33,119,False
きん,gold,23,26,127,False
旅,trip,23,49,6,False
松島,Matsushima,23,38,141,True
め,eye,23,23,-102,False
京橋,Kyobashi,23,34,135,True
瀬戸,Seto,23,34,134,True
房,House,23,32,110,False
佐,Zuo,23,33,129,False
かけ,Kake,23,56,-133,False
回,times,23,2,-75,False
加茂,Kamo,23,34,135,True
福,blessing,22,25,56,False
生,pregnancy,22,39,141,False
尾,tail,22,39,114,False
安部,Abe,22,34,135,True
鳴門,Naruto,22,34,134,True
あさ,morning,22,26,93,False
みや,Miya,22,19,100,False
大森,Omori,22,35,139,True
ひら,Hira,22,35,135,False
曽,曽,22,65,141,False
ふく,wipe,22,34,135,False
佐野,Sano,22,36,139,True
##崎,##崎,22,35,139,False
紀州,Kishu,22,33,126,False
請,Please,22,35,95,False
筆,Pen,22,50,4,False
瀧,Taki,22,38,101,False
春,spring,22,19,100,False
吉野,Yoshino,21,34,135,True
浅間,Asama,21,35,140,True
まち,Town,21,24,94,False
べ,Be,21,50,4,False
千鳥,Chidori,21,33,130,True
野田,Noda,21,40,141,False
錦,Brocade,21,37,112,False
出羽,Dewa,21,33,134,True
法,Law,21,29,53,False
向,Towards,21,27,111,False
そう,Yes,21,12,-7,False
三重,triple,21,25,121,True
勝,Win,21,35,140,True
四天王,Four heavenly kings,21,35,139,True
ばん,night,21,38,42,False
吾,I,21,19,56,False
##輪,##wheel,21,47,105,False
呉服,Gofuku,21,33,130,True
ね,Hey,21,35,104,False
うえ,up,20,11,-4,False
うし,Cow,20,42,22,False
八幡宮,Hachiman shrine,20,40,140,True
紅,Red,20,28,115,False
鉄,iron,20,34,134,True
奈良,Nara,20,34,135,True
天保,Tianbao,20,30,107,True
肥後,Higo,20,34,135,True
若狭,Wakasa,20,26,127,True
山中,Yamanaka,20,27,115,True
子,son,20,47,5,False
かな,Wonder,20,8,-1,False
周防,Suo,20,28,117,False
角,Horn,20,46,130,False
越前,Echizen,20,35,139,True
厳島,Itsukushima,20,34,132,True
うら,Ura,20,46,5,False
日向,Hyuga,19,35,140,True
当,when,19,23,110,False
神楽,Kagura,19,43,142,True
北野,Kitano,19,35,139,True
##ま,##Devil,19,31,-7,False
知,Know,19,47,7,False
なか,inside,19,64,-51,False
那,That,19,-23,17,False
土佐,Tosa,19,34,139,True
戸,戸,19,47,19,False
義,righteous,19,39,115,False
堀江,Horie,19,33,132,True
海上,maritime,19,35,132,True
数,number,19,24,121,False
豊前,Buzen,19,34,135,True
青,green,19,35,95,False
勘,survey,19,38,-98,False
河岸,River bank,19,35,114,True
綾,Aya,19,26,113,False
之,Of,19,47,7,False
嶽,嶽,19,23,113,False
鮫,shark,19,46,130,False
逆,reverse,19,54,-6,False
伊予,Iyo,19,37,138,False
宝,precious,19,42,2,False
水道,Water services,19,42,125,False
弥,Mi,19,39,-100,False
布,cloth,18,42,-71,False
へ,What,18,50,9,False
若,like,18,35,136,False
住,live,18,35,132,False
油,Oil,18,27,113,False
楼,building,18,58,22,False
溜,slip,18,46,11,False
萩,Hagi,18,36,115,False
こう,shell,18,34,137,False
大谷,Otani,18,34,135,True
呼,call,18,47,19,False
ちょう,butterfly,18,37,138,False
青山,Aoyama,18,40,109,False
大師,Grandmaster,18,23,113,False
飛,fly,18,39,139,True
そ,ancestor,18,8,49,False
海老,shrimp,18,35,137,True
羅,Luo,18,-11,19,False
筋,logic,18,37,112,False
伊賀,Iga,18,33,130,True
伯耆,Hoki,18,35,140,False
く,nine,18,29,47,False
天竜,Tenryu,18,35,134,False
蓮,lotus,18,31,119,False
晩,night,18,32,117,False
丹波,Tamba,17,35,135,True
和,and,17,50,9,False
銀,silver,17,43,81,False
づ,Zu,17,52,5,False
深,deep,17,35,139,False
りゅう,Dragon,17,34,132,True
甲,First,17,38,110,False
権現,Gongen,17,34,133,True
北,North,17,47,-3,False
衣,Clothes,17,39,115,False
垂,Hang down,17,-33,-53,False
河内,Hanoi,17,21,105,False
無,none,17,19,56,False
から,from,17,30,31,False
半,Half,17,38,42,False
琵琶湖,Lake Biwa,17,35,136,True
鳥居,torii,17,34,137,True
たい,sea ​​bream,17,14,100,False
ら,and others,17,41,12,False
海岸,coastal,17,32,120,False
成田,Narita,17,35,140,True
須,Must,17,33,133,False
長門,Nagato,17,32,121,False
和歌,Waka,17,33,116,False
菊,chrysanthemum,17,47,7,False
凱,Kai,17,35,138,False
ょう,Today,16,0,0,False
び,Beauty,16,50,4,False
ぬ,Nu,16,40,-74,False
出雲,Izumo,16,34,135,True
根,root,16,47,-1,False
大隅,Osumi,16,25,114,False
飛騨,Hida,16,36,137,True
島原,Shimabara,16,32,130,True
芝浦,Shibaura,16,27,100,False
砂,sand,16,31,121,False
高雄,Kaohsiung,16,22,120,True
高津,Takatsu,16,35,139,True
む,nothing,16,-20,57,False
人形,doll,16,39,127,False
つく,arrive,16,47,8,False
難波,Namba,16,34,135,False
山本,Yamamoto,16,33,129,True
おおい,Dude,16,35,135,False
良,good,16,22,112,False
あわ,Millet,16,35,139,False
鳳,phoenix,16,34,135,True
加賀,Kaga,16,25,112,False
くら,Kura,16,41,43,False
##め,##eye,15,23,-102,False
津,Tianjin,15,39,117,False
紫,purple,15,47,5,False
初音,Hatsune,15,36,140,True
又,again,15,27,113,False
##\,##\,15,0,0,False
鉄砲,gun,15,34,135,True
##戸,##戸,15,47,19,False
船,ferry,15,30,102,False
佐渡,Sado,15,38,140,True
阿,Ah,15,14,100,False
扇,fan,15,35,109,False
ゆ,hot water,15,34,113,False
恩,kindness,15,46,5,False
軒,Eaves.,15,35,139,False
白鳥,swan,15,40,141,True
岩国,Iwakuni,15,34,132,True
つけ,Attach,15,35,139,False
立川,Tachikawa,15,35,139,True
熊野,Kumano,15,34,136,True
いし,stone,15,33,130,False
千代,Chiyo,15,35,137,True
和泉,Izumi,15,40,140,True
しの,Shino,15,34,72,False
善,good,15,35,109,False
因幡,Inaba,15,31,114,False
大明,Daimei,15,36,115,False
勢,Potential,15,24,125,False
坊,Fang,15,32,110,False
まい,dance,15,41,-8,False
壱岐,Iki,15,29,118,False
豊後,Bungo,15,36,113,False
夕,Xi,15,26,101,False
稲,Rice,15,25,111,False
州,State,14,31,108,False
新橋,Shimbashi,14,35,139,True
安房,Awa,14,36,140,True
鯉,carp,14,47,9,False
美作,Misaku,14,35,134,True
対馬,Tsushima,14,34,129,True
在,exist,14,-6,13,False
人,people,14,48,-1,False
鶴,crane,14,50,9,False
慈,Kindness,14,7,-5,False
本願寺,Honganji Temple,14,35,136,True
美,nice,14,24,116,False
##島,##island,14,25,111,False
銚子,Choshi,14,35,140,True
だい,big,14,39,112,False
隠岐,Oki,14,34,135,True
おう,King,14,51,10,False
焚,burn,14,45,20,False
雲,cloud,14,25,102,False
て,hand,14,35,51,False
天龍,Tianlong,14,34,137,True
おし,Press,14,40,73,False
いけ,Go,14,70,-51,False
禅,Zen,14,14,102,False
恋,love,14,31,119,False
利根川,Tone River,14,36,139,True
礫,gravel,14,47,9,False
但馬,Tajima,14,34,135,True
はま,Hama,14,35,36,False
本郷,Hongo,14,35,137,True
養老,Pension,13,35,136,True
戸田,Toda,13,35,139,True
いま,now,13,48,2,False
富士山,Mount Fuji,13,35,138,True
行,Row,13,38,111,False
旅人,Traveler,13,23,109,False
王,King,13,48,11,False
走,go,13,7,2,False
多,many,13,34,135,True
自,since,13,47,5,False
松井,Matsui,13,34,135,True
店,shop,13,33,131,True
##み,##fruit,13,39,-100,False
芸者,geisha,13,31,117,False
高野,Takano,13,40,140,True
小路,Path,13,34,135,True
隠,Hidden,13,43,81,False
登,Boarding,13,5,97,False
皇,Emperor,13,29,117,False
よ,world,13,13,-3,False
鶴見,Tsurumi,13,35,139,True
芝居,play,13,26,101,False
はね,Splash,13,35,132,False
##嶋,##嶋,13,25,111,False
ほ,Ho,13,27,56,False
足利,Ashikaga,13,36,139,True
丞,Cheng,13,22,115,False
じ,character,13,39,116,False
懸,Hang,13,35,139,False
松山,Matsuyama,13,33,132,True
志摩,Shima,13,35,136,True
待,treat,13,39,112,False
助,help,13,35,132,False
蒸気,vapor,13,34,103,False
田川,Tagawa,13,34,137,True
きり,Kiri,13,13,5,False
吉,lucky,13,42,125,False
蒲田,Kamata,13,35,139,True
森,wood,12,41,-83,False
中山,Zhongshan,12,22,113,False
常陸,Hitachi,12,36,115,False
つき,moon,12,34,137,False
寺院,Temple,12,36,98,True
会社,society,12,20,105,False
を,of,12,37,-95,False
案,case,12,37,-4,False
大文字,uppercase letter,12,34,133,True
淡路,Awaji,12,34,135,True
備後,Bingo,12,22,112,False
みな,everyone,12,26,-100,False
中津,Nakatsu,12,33,131,True
みなと,Minato,12,35,139,False
しら,Shira,12,-3,37,False
追,Chase,12,35,135,False
はな,flower,12,34,113,False
吹,blow,12,-33,-53,False
聖,Saint,12,39,141,False
☆,☆,12,0,0,False
大仏,Big Buddha,12,35,136,False
源氏,Genji,12,37,114,False
多賀,Taga,12,34,135,True
左衛門,Saemon,12,22,114,False
富岡,Tomioka,12,37,141,True
わか,Waka,12,6,20,False
宇治,Uji,12,34,135,True
従,Subordinate,12,53,-9,False
五郎,Goro,12,33,132,True
本町,Hommachi,12,34,135,True
街,Street,12,34,135,False
有,have,12,27,113,False
さき,tip,12,34,135,False
和田,Wada,12,37,79,False
裏,back,12,47,9,False
池上,Ikegami,12,35,139,True
恵,Megumi,12,2,-75,False
葉,leaf,11,16,47,False
姫,princess,11,39,116,False
忠,Loyal,11,30,108,False
ばら,Rose,11,-4,-52,False
けい,celebrate,11,25,83,False
石見,Iwami,11,34,135,True
反,opposite,11,22,114,False
で,and,11,51,10,False
能登,Noto,11,37,139,True
阿武,Abu,11,34,104,False
大宮,Omiya,11,35,139,True
港,port,11,22,114,False
熊谷,Kumagaya,11,36,139,True
##い,##stomach,11,47,11,False
奈,Nai,11,43,0,False
じん,person,11,37,112,False
筑前,Chikuzen,11,37,140,True
条,strip,11,13,-3,False
番,Turn,11,22,114,False
名古屋,Nagoya,11,35,136,True
波,Wave,11,-17,-64,False
佐藤,Sato,11,34,137,True
宗,Zong,11,37,72,False
##てん,##point,11,45,4,False
●,●,11,0,0,False
薩摩,Satsuma,11,34,135,True
えん,bond,11,46,5,False
重,Heavy,11,30,108,False
室,room,11,24,125,False
おお,Oh,11,42,0,False
桶,bucket,11,58,-6,False
象,elephant,11,27,111,False
正,just,11,39,140,False
奥,Oh,11,47,14,False
成,become,11,33,105,False
囲,Enclosure,11,58,-6,False
飯,meal,11,22,114,False
ぞう,elephant,11,7,2,False
出,out,11,52,0,False
おか,Hill,11,54,39,False
筑後,Chikugo,11,22,120,False
はや,already,11,27,41,False
大社,Taisha,11,23,120,True
##の,##of,11,60,9,False
光,Light,11,33,131,True
支,branch,11,47,7,False
枕,pillow,11,31,79,True
江ノ島,Enoshima,11,34,133,True
うけ,Received,11,50,4,False
遊,tour,11,27,113,False
最上,Mogami,11,38,140,True
岩屋,Iwaya,11,34,135,True
別,another,10,-12,17,False
木綿,cotton,10,23,110,False
立,stand,10,47,9,False
籠,cage,10,38,101,False
手,hand,10,32,116,False
小泉,Koizumi,10,43,143,True
越,cross,10,23,113,False
地,land,10,51,10,False
まだ,not yet,10,25,88,False
阿弥陀,Amitabha,10,38,140,True
境,territory,10,39,116,False
岬,Cape,10,38,110,False
りょう,fishing,10,34,135,True
け,hair,10,1,38,False
気,air,10,35,139,False
笠,Kas,10,47,9,False
おん,favor,10,50,-86,False
小倉,Kokura,10,33,130,True
松尾,Matsuo,10,35,140,True
陽,Positive,10,33,107,False
も,and,10,38,-92,False
片岡,Kataoka,10,36,139,True
石川,Ishikawa,10,40,140,True
みつ,dense,10,35,134,False
本社,main office,10,34,134,True
雷,Thunder,10,17,101,False
とり,bird,10,45,7,False
松本,Matsumoto,10,36,137,True
霧,fog,10,19,56,False
如,like,10,54,-3,False
榛名,Haruna,10,35,134,False
ちり,Dust,10,-31,-71,False
銀座,Ginza,10,35,139,True
小石川,Koishikawa,10,43,143,True
比叡山,Mt. Hiei,10,35,135,False
元町,Motomachi,10,34,135,True
仁,Benevolence,10,48,-1,False
英,Britain,10,39,113,False
松原,Matsubara,10,45,124,False
##え,##Huh,10,31,112,False
染,dye,10,49,3,False
ふり,Pretend,10,20,105,False
津島,Tsushima,10,34,133,True
鈴,bell,10,26,113,False
長谷,Hase,10,34,132,True
富士川,Fuji river,10,35,138,True
柏原,Kashiwara,10,35,136,True
右,right,10,27,113,False
俳優,actor,10,28,118,False
秋月,Autumn moon,10,34,135,True
親,Dear,10,36,112,False
かく,write,10,58,22,False
場,field,10,27,84,False
沖,Offshore,10,34,133,True
片,piece,10,45,8,False
ろう,Wax,10,50,4,False
明石,Akashi,10,34,134,True
伴,Companion,10,38,42,False
たか,Falcon,10,8,1,False
不二,No two,10,27,102,False
岩村,Iwamura,9,35,137,True
あか,Red,9,43,41,False
桐,Tong,9,58,-6,False
本陣,Honjin,9,35,136,True
束,bundle,9,24,121,False
新潟,Niigata,9,37,139,True
五島,Goto,9,34,134,False
満,Full,9,21,57,False
ぐ,ingredient,9,13,144,False
書,Book,9,24,121,False
巣,nest,9,-8,-78,False
坂本,Sakamoto,9,35,135,False
薬,medicine,9,34,135,False
風,wind,9,33,106,False
車,vehicle,9,46,5,False
なに,what,9,27,75,False
仏,Buddha,9,19,-72,False
お茶,tea,9,28,100,False
石橋,Ishibashi,9,36,139,True
延,Extend,9,29,103,False
喜,happiness,9,26,101,False
棒,Great,9,7,15,False
おき,Oki,9,33,130,False
新車,New car,9,25,111,False
##た,##rice field,9,40,17,False
浦和,Urawa,9,35,139,True
##がわ,## I,9,11,13,False
乙,Second,9,39,115,False
天王,King of heaven,9,40,140,True
てつ,Tetsu,9,33,130,True
感,feel,9,28,116,False
★,★,9,0,0,False
神戸,Kobe,9,34,135,True
屋内,Inside the house,9,30,118,False
多摩川,Tama River,9,35,139,True
四つ,four,9,0,0,False
海中,Underwater,9,42,120,True
藤原,Fujiwara,9,37,138,True
賀,Congratulate,9,50,9,False
丹,Dan,9,34,116,False
かた,shoulder,9,25,51,False
政,Politics,9,39,140,False
雁,Wild goose,9,29,103,False
倉,warehouse,9,29,90,False
高名,Famous,9,22,112,False
備中,Bicchu,9,34,135,False
惣,Sou,9,35,135,True
冬,winter,9,15,114,False
角田,Tsunoda,9,37,140,True
+,+,9,0,0,False
かい,shellfish,9,35,138,False
鬼,ghost,9,27,107,False
##天,##sky,9,60,16,False
後,Rear,9,39,141,True
能,can,9,14,120,False
たき,Taki,9,22,88,False
しな,Shina,9,35,104,False
東名,Tomei,9,38,141,True
八百,Eight hundred,9,21,108,False
紅葉,Autumn leaves,9,23,121,True
神宮,Jingu,9,34,136,False
五月,May,9,31,118,True
洞,Hole,8,15,114,False
##川,##Sichuan,8,30,102,False
敦賀,Tsuruga,8,35,136,True
白井,Shirai,8,35,140,True
やつ,Guy,8,35,140,False
くわ,Hoe,8,11,12,False
智,wisdom,8,47,7,False
浮,float,8,25,56,False
名所,Famous place,8,37,126,False
初,first time,8,52,0,False
山門,Mountain gate,8,24,111,False
しも,Shimo,8,35,139,False
高台,High ground,8,39,99,False
網,network,8,48,11,False
定,Certainly,8,35,137,False
きよ,praise,8,34,131,False
##日,##day,8,41,-71,False
与,and,8,34,113,False
むら,Mura,8,45,10,False
鵜,Cormorant,8,46,8,False
細,thin,8,26,101,False
範,Fan,8,22,114,False
よっ,Yo,8,0,0,False
天王寺,Tennoji,8,34,135,True
蔵,Warehouse,8,48,10,False
ふた,lid,8,-3,134,False
鷺,heron,8,49,6,False
苦,bitter,8,29,47,False
俊,Hansome,8,-11,-75,False
称,say,8,22,115,False
修,build,8,34,131,False
鉄道,Railroad,8,34,133,False
前,forward,8,27,107,False
こま,Top,8,41,-95,False
城,city,8,22,115,False
西条,Saijo,8,34,132,True
時,Time,8,24,125,False
大門,door,8,35,139,True
日本国,Japan,8,38,139,True
ぼ,Bo,8,-17,-64,False
たん,sputum,8,49,0,False
大石,Dashi,8,23,113,True
きょう,today,8,-3,37,False
##紺,##Navy blue,8,28,116,False
舟,Boat,8,31,108,False
しゅん,Shun,8,7,8,False
由良,Yura,8,35,133,True
こく,Koku,8,51,-8,False
着,write,8,29,119,False
ほど,About,8,59,12,False
讃,San,8,35,52,False
##厩,##stable,8,44,23,False
米,rice,8,39,-100,False
塔,tower,8,40,17,False
新田,Nitta,8,25,112,False
ぶ,Bu,8,42,-71,False
##ばし,## Bashi,8,28,51,False
競馬,Horse racing,8,36,139,False
たま,Marble,8,42,-92,False
本庄,Honjo,8,36,139,True
庵,庵,8,37,-4,False
あつ,Hot,8,34,131,False
おだ,ODA,8,40,37,False
鯨,whale,8,39,116,False
太夫,Tayu,8,35,136,True
よろ,Yoro,8,15,-87,False
身延,Minobu,8,35,138,True
明,bright,8,25,110,True
礼,present,8,47,9,False
女房,wife,8,36,139,False
壱,one,8,39,115,False
弐,Two,8,52,-7,False
##う,##Cormorant,8,-43,-68,False
##が,##But,8,32,-83,False
中納言,Zhongnayan,8,35,139,True
ろ,reactor,7,45,24,False
嘉,Jia,7,38,110,False
やく,roll,7,27,87,False
さい,when,7,44,20,False
総,Total,7,37,72,False
順,order,7,7,8,False
木更津,Kisarazu,7,35,139,True
峰,peak,7,33,106,False
双,pair,7,35,140,True
##偏,##Partial,7,45,8,False
富田,Tomita,7,22,114,False
うめ,Ume,7,63,20,False
##丸,##pill,7,32,117,False
鹿島,Kashima,7,37,140,True
##京,##Beijing,7,39,116,False
はら,Hara,7,39,64,False
寮,Laos,7,45,4,False
##ょう,## Today,7,0,0,False
はり,Needle,7,46,23,False
小さ,small,7,0,0,False
内裏,Dairi,7,24,121,False
田原,Tahara,7,27,113,False
小山,Oyama,7,36,139,True
宮島,Miyajima,7,34,132,False
御前,You,7,39,140,True
賢,Virtuous,7,38,116,False
##間,##between,7,27,114,False
ふみ,Fumi,7,10,107,False
男,male,7,34,70,False
王宮,Royal palace,7,23,120,False
照,According to,7,37,114,False
沼,Marsh,7,37,114,False
根岸,Negishi,7,35,139,True
せん,plug,7,41,-83,False
杜,Du,7,47,6,False
かし,snack,7,39,75,False
鋸,saw,7,47,7,False
高麗,Korea,7,35,139,True
第,First,7,44,5,False
かわ,River,7,-34,173,False
糸,thread,7,39,-100,False
ざわ,Zawa,7,8,6,False
愛,Love,7,18,-63,False
潟,lagoon,7,26,101,False
なり,Nari,7,37,44,False
中島,Nakajima,7,32,130,True
すき,Like,7,31,78,False
毘,adjoin,7,43,10,False
花火,firework,7,35,139,True
婦,woman,7,25,56,False
歳,age,7,34,115,False
枚方,Hirakata,7,31,116,False
通り,Street,7,58,23,False
熊,Bear,7,39,116,False
富山,Toyama,7,35,129,False
涼,cold,7,22,112,False
まさ,Masa,7,49,6,False
かや,Kaya,7,24,85,False
豊,Yutaka,7,47,9,False
牡,Male,7,-20,57,False
曙,Dawn,7,24,121,False
永田,Nagata,7,36,139,True
姿,figure,7,47,5,False
早,morning,7,55,37,False
府県,Prefecture,7,35,109,False
友,friend,7,27,113,False
新造,New build,7,23,113,True
県庁,Prefectural office,6,36,138,False
はた,flag,6,19,-72,False
和尚,Monk,6,31,103,True
ます,increase,6,12,13,False
岡本,Okamoto,6,36,139,True
観世,Kanze,6,35,136,False
狐,fox,6,47,19,False
姫路,Himeji,6,34,134,True
富士見,Fujimi,6,35,138,True
階,Floor,6,34,135,False
やし,Palm,6,12,5,False
太鼓,drum,6,37,112,False
足,leg,6,18,54,False
所,Place,6,34,131,False
まり,ball,6,16,-2,False
歌,Song,6,41,44,False
心,Heart,6,42,85,False
足柄,Ashigara,6,35,139,True
造,make,6,55,37,False
児,child,6,52,-7,False
武蔵野,Musashino,6,35,139,True
末,end,6,38,-92,False
鷲,eagle,6,44,23,False
いち,one,6,5,7,False
東山,Higashiyama,6,25,114,False
地蔵,Jizo,6,35,136,True
日比谷,Hibiya,6,35,139,True
午,noon,6,19,56,False
鳥,bird,6,43,-5,False
やま,Mountain,6,16,47,False
夏,summer,6,35,111,False
丸山,Maruyama,6,35,138,True
鴨川,Kamogawa,6,34,133,True
芦,reed,6,49,6,False
鳥羽,Toba,6,34,136,True
太郎,Taro,6,38,140,True
相馬,Soma,6,37,140,True
##靖,##Jing,6,39,116,False
境内,Territory,6,24,118,False
大江戸,Oedo,6,32,130,False
御所,Gosho,6,34,135,True
義経,Yoshitsune,6,22,114,False
荒木,Araki,6,33,130,True
豪,How,6,-20,-143,False
のみ,only,6,45,11,False
関東,Kanto,6,25,109,False
##尾,##tail,6,39,114,False
楠,Nan,6,34,70,False
座,seat,6,33,129,False
原本,original,6,24,121,False
安井,Yasui,6,35,135,True
ただ,just,6,13,77,False
のう,brain,6,-22,166,False
海運,By sea,6,28,104,False
寛永,Kanei,6,24,121,False
めぐ,Megu,6,44,8,False
もと,source,6,51,-3,False
臼,mortar,6,44,23,False
さわ,Mountain stream,6,35,137,False
藪,Yabu,6,35,140,True
落,fall,6,-11,19,False
##橋,##bridge,6,24,120,False
木村,Kimura,6,28,90,True
商,business,6,33,110,False
横,beside,6,22,109,False
ヲ,Wo,6,37,-95,False
西大,West University,6,22,108,False
なる,Become,6,0,166,False
ちん,Chin,6,35,104,False
星,star,6,38,111,False
渋谷,Shibuya,6,35,139,True
うつ,depression,6,7,8,False
あん,sweet bean,6,37,-4,False
氷川,Hikawa,6,36,139,True
正月,New year,6,29,118,False
れん,Wren,6,48,-1,False
淵,deep,6,19,100,False
かね,Kane,6,41,-88,False
川原,Kawahara,6,40,141,True
薪,salary,6,42,85,False
守,Shou,6,32,116,False
佐久間,Sakuma,6,35,137,True
吐,threw up,6,-26,-64,False
等,Wait,5,5,97,False
?,?,5,0,0,False
海軍,navy,5,31,121,False
熱海,Atami,5,35,139,True
小姓,Kosho,5,32,103,False
墓,tomb,5,-20,57,False
対,versus,5,28,90,False
鷹,eagle,5,39,113,False
羽根,Feather,5,36,137,True
濡,moisten,5,54,-3,False
会,meeting,5,2,-75,False
殿,temple,5,36,136,True
大神,Okami,5,33,131,True
口,mouth,5,34,108,False
##大,##Big,5,8,-61,False
■,■,5,0,0,False
宮城,Miyagi,5,24,110,False
米沢,Yonezawa,5,37,140,True
潮,tide,5,35,132,True
入,enter,5,54,-3,False
柿,Persimmon,5,24,125,False
袖,sleeve,5,34,131,False
##須賀,## Suga,5,35,136,False
市場,market,5,34,134,True
臨海,Linhai,5,28,121,False
紺,Navy blue,5,28,116,False
##浜,##浜,5,34,133,False
すい,green,5,34,115,False
祐,Yu,5,27,113,False
くに,Kuni,5,35,47,False
傾,pour,5,35,95,False
琴,Piano,5,36,112,False
はる,stretch,5,65,23,False
蓬,Peng,5,14,80,False
絵,picture,5,2,-75,False
景,scene,5,39,116,False
ゃ,ゃ,5,0,0,False
芳,Fang,5,32,110,False
葛,Ge,5,41,44,False
いわ,rock,5,56,40,False
猫,cat,5,39,4,False
豆,bean,5,50,3,False
えり,Eri,5,42,-80,False
娘,daughter,5,8,32,False
垣,wall,5,19,100,False
諸侯,Princes,5,22,120,False
内国,Domestic,5,23,108,False
極,pole,5,39,116,False
浄瑠璃,Joruri,5,37,126,False
##願寺,## Ganji Temple,5,33,135,False
##音,##sound,5,43,81,False
巌,Iwao,5,29,103,False
直,straight,5,47,7,False
畑,field,5,34,131,True
夷,Barbarian,5,39,115,False
##目,##eye,5,-20,57,False
芭蕉,Basho,5,31,106,False
つう,expert,5,50,-114,False
ひろ,Hiro,5,19,-155,False
火,fire,5,35,135,True
方,direction,5,32,110,False
##ゐ,## ゐ,5,44,-89,False
兵庫,Hyogo,5,34,135,True
太田,Ota,5,36,139,True
帝都,Imperial capital,5,37,140,False
有馬,Arima,5,36,138,True
小野,Ono,5,36,137,True
いせ,Ise,5,34,136,False
たつ,Tatsu,5,34,-118,False
葺,repair,5,35,139,False
靖国神社,Yasukuni Shrine,5,35,139,True
香,delicious,5,27,111,False
髪,hair,5,29,53,False
けん,matter,5,25,80,False
百,Hundred,5,34,116,False
丸亀,Marugame,5,34,133,True
〔,〔,5,0,0,False
春日,Kasuga,5,35,139,True
国立,National,5,35,139,True
高砂,Takasago,5,43,141,True
大納言,Dainagon,5,33,131,True
ほう,law,5,29,-95,False
茶屋,Tea house,5,35,137,True
##しゃ,## Sha,5,31,121,False
新川,Shinkawa,5,43,141,True
漁船,Fishing boat,5,34,135,False
麹,malt,5,30,106,False
綱,Class,5,22,114,False
山野,Yamano,5,33,130,True
本堂,Main hall,5,34,135,True
ひ,fire,5,19,-155,False
立場,position,5,35,139,True
大内,Ouchi,5,33,132,True
##磯,##Rock,5,39,116,False
##がみ,## Gami,5,34,135,False
静,quiet,5,39,116,False
##津,##Tianjin,5,39,117,False
しょ,book,5,22,114,False
大手,Major,5,34,135,True
穴,hole,5,34,132,True
##極,##pole,5,39,116,False
歩行,walking,5,23,120,False
薬師,Yakushi,4,34,135,False
運,transport,4,25,102,False
ぜん,Good,4,38,13,False
さら,further,4,47,2,False
桜井,Sakurai,4,34,135,True
頼,Rely,4,46,9,False
もん,gate,4,54,-4,False
##鎧,##armor,4,35,138,False
鋳造,casting,4,22,113,False
中道,Middle way,4,40,140,True
昆,Kun,4,28,-81,False
はん,stamp,4,61,68,False
観音寺,Kanonji,4,34,133,True
西本,Nishimoto,4,37,139,True
##宮,##palace,4,28,104,False
路,road,4,49,6,False
此,this,4,7,-5,False
於,At,4,34,113,False
卜,predict,4,-17,-64,False
寂,lonely,4,39,116,False
焼,Grilled,4,8,4,False
磨,grind,4,38,-92,False
卯,Mao,4,39,4,False
木下,Kinoshita,4,35,140,True
淀,precipitate,4,34,135,True
業,industry,4,16,47,False
寒,cold,4,61,68,False
烏,Wu,4,19,56,False
ウ,Hare,4,-43,-68,False
笹,Bamboo,4,46,8,False
ひめ,Hime,4,33,135,False
濱,coast,4,48,16,False
空海,Kukai,4,38,140,True
ほり,Hori,4,47,8,False
かち,Kachi,4,11,9,False
霊,Spirit,4,26,113,False
せっ,I'm sorry,4,0,0,False
岸,shore,4,37,-4,False
##坂,##坂,4,38,42,False
駒場,Komaba,4,44,144,True
下山,Downhill,4,21,110,False
西新,Nishijin,4,33,130,True
石井,Ishii,4,24,118,False
##つか,##burial mound,4,35,139,False
荒,shortage,4,29,117,False
岩本,Iwamoto,4,36,139,True
あや,Aya,4,-14,-74,False
##棚,##shelf,4,14,80,False
逢,Every,4,33,106,False
そこ,There,4,-7,111,False
熊本,Kumamoto,4,32,130,True
巫女,Priestess,4,27,99,False
大乗,Mahayana,4,38,116,False
##じん,##person,4,37,112,False
##N,##N,4,2,102,False
浅野,Asano,4,35,140,False
いつも,everytime,4,34,137,True
主,host,4,35,132,False
戒,Quit,4,34,135,False
求,begging,4,36,115,False
辰,Chen,4,26,95,False
##竜,##Dragon,4,38,101,False
代,generation,4,39,112,False
洗,wash,4,26,101,False
宮川,Miyagawa,4,34,136,True
祭,Festival,4,39,116,False
猪,pig,4,35,132,False
火災,Fire,4,35,135,False
眼鏡,glasses,4,27,101,False
寺内,Inside the temple,4,38,140,True
林,Forest,4,37,110,False
秋,Autumn,4,36,115,False
豊島,Teshima,4,34,134,True
工夫,Ingenuity,4,30,103,False
次郎,Jiro,4,50,8,False
稲葉,Inaba,4,33,139,True
げん,string,4,47,-1,False
長岡,Nagaoka,4,37,138,True
力,force,4,47,9,False
産,Birth,4,14,102,False
山西,Shanxi,4,37,112,False
壬生,Mibu,4,36,139,True
底,end,4,44,5,False
様,looks,4,33,107,False
樹,Tree,4,24,121,False
菅,Suga,4,27,114,False
祖,Ancestor,4,18,54,False
高尾,Takao,4,35,139,True
##しん,##core,4,35,104,False
落合,Ochiai,4,47,142,False
十郎,Juro,4,2,102,False
ぎ,Gi,4,36,-5,False
組,Group,4,18,54,False
横山,Yokoyama,4,37,109,False
ミ,Mi,4,39,-100,False
志,Zhi,4,33,130,True
ホテル,Hotel,4,34,132,True
福島,Fukushima,4,37,140,True
##お,##Oh,4,58,12,False
加藤,Kato,4,35,139,True
辰巳,Tatsumi,4,35,139,True
引,lead,4,43,81,False
子供,child,4,29,104,False
札,Tag,4,21,110,False
今川,Imagawa,4,31,102,False
栄,Sakae,4,35,136,True
日吉,Hiyoshi,4,35,139,True
きの,Kino,4,47,15,False
少将,Major General,4,28,114,False
かれ,he,4,50,1,False
くせ,Habit,4,35,133,False
##富,##rich,4,35,109,False
摩,Mo,4,38,-92,False
げ,low,4,41,44,False
カ,power,4,14,75,False
こと,matter,4,35,139,False
弓,bow,4,28,104,False
畠山,Hatakeyama,4,42,80,False
人力,Manpower,4,35,119,False
あず,Azu,4,48,0,False
中川,Nakagawa,4,35,139,True
どうし,What,4,35,139,True
茅,Mao,4,39,4,False
大黒,Daikoku,4,45,141,True
冠,crown,4,36,115,False
ゆい,Yui,4,50,5,False
安倍,Abe,4,35,133,True
工藤,Kudo,4,38,139,True
僧,monk,4,2,11,False
了,Up,4,51,12,False
箱,box,4,27,111,False
藤井,Fujii,4,35,135,True
持,hold,4,17,73,False
白山,Hakusan,4,42,127,False
瑞,Rui,4,48,-103,False
解,untie,4,34,135,False
山崎,Yamazaki,4,42,140,True
みえ,Mie,4,34,136,False
##州,##State,4,31,108,False
舎人,Toneri,4,35,139,True
三田,Mita,4,35,139,True
孫,Sun,4,48,-4,False
山川,Yamakawa,4,31,130,True
開,open,4,35,138,False
乃,So,4,43,0,False
あけ,Ake,4,20,-89,False
夢,dream,4,43,114,False
那智,Nachi,4,33,135,True
しゃ,Shah,4,31,121,False
武田,Takeda,4,35,140,True
薄,Thin,4,42,2,False
犬山,Inuyama,4,35,136,True
衆,People,4,30,108,False
山名,Yamana,3,36,139,True
しまい,Sisters,3,24,108,False
碑,monument,3,47,-3,False
杉山,Sugiyama,3,35,136,True
大木,large tree,3,24,109,True
船橋,Funabashi,3,35,139,True
南朝,Southern Dynasty,3,31,117,False
三味,Shamisen,3,23,113,False
くち,mouth,3,11,4,False
##神,##God,3,35,139,False
うち,home,3,51,19,False
くだ,Tube,3,12,13,False
算,Calculate,3,34,118,False
張,Sheet,3,34,104,False
河合,Kawai,3,36,140,True
こい,love,3,58,-2,False
大政,Daimasa,3,34,135,False
高島,Takashima,3,33,129,True
堀川,Horikawa,3,35,136,True
融,melt,3,29,104,False
拳,fist,3,-14,-75,False
たて,vertical,3,46,23,False
絞り,Aperture,3,34,133,False
早く,quickly,3,0,0,False
##寺,##Temple,3,45,14,False
かじ,Rudder,3,37,139,False
百済,Baekje,3,34,135,True
頭,head,3,22,113,False
##は,##teeth,3,-17,31,False
##岩,##rock,3,29,103,False
もの,thing,3,37,-118,False
腰,waist,3,34,135,False
どの,Which,3,39,141,False
蟹,crab,3,31,118,False
筑波,Tsukuba,3,36,140,True
亭,pavilion,3,3,11,False
##さ,##difference,3,25,42,False
針,Needle,3,34,136,True
じょう,affection,3,41,-7,False
印,print,3,43,81,False
東大,University of Tokyo,3,32,118,False
おこ,Ok,3,42,-2,False
##通,##Pass,3,58,-6,False
ょ,Yo,3,0,0,False
##げん,##string,3,47,-1,False
さま,looks,3,-18,-39,False
みの,Mino,3,34,135,False
難,difficult,3,34,70,False
乗,Ride,3,22,115,False
晴,clear,3,35,95,False
民,civil,3,26,117,False
漆,paint,3,35,139,False
師,division,3,24,125,False
すけ,Suke,3,40,20,False
##さん,##Mr. Miss,3,48,3,False
明星,Celebrity,3,37,112,False
おま,Oma,3,21,57,False
堕,fall,3,38,-80,False
加納,Ghana,3,8,-1,False
せい,because of,3,40,-7,False
荷物,load,3,35,136,False
煉,Refining,3,31,119,False
幡,banner,3,22,114,False
##ど,##degree,3,19,-70,False
##あ,##Ah,3,14,100,False
烈,strong,3,50,4,False
財,fiscal,3,45,10,False
まま,As it is,3,20,-89,False
箕,Kei,3,39,116,False
甚,very,3,35,139,False
##ン,##Hmm,3,2,102,False
従前,Previously,3,25,108,False
ぢ,handwriting,3,21,70,False
##☆,##☆,3,0,0,False
端,end,3,32,130,False
関口,Sekiguchi,3,35,136,True
升,Rise,3,39,141,False
自慢,Proud,3,49,8,False
小田,Oda,3,35,132,True
とも,friend,3,-21,166,False
軽,Light,3,47,7,False
白河,White river,3,32,109,False
なん,what,3,34,70,False
皇居,Imperial Palace,3,35,139,True
かつ,and,3,10,106,False
長州,Choshu,3,24,117,False
覚,Awakening,3,35,139,False
忠臣,Loyal minister,3,31,118,False
鹿児島,Kagoshima,3,31,130,True
海浜,Beach,3,22,113,False
長生,Longevity,3,45,127,False
面,noodle,3,24,103,False
あお,blue,3,47,14,False
臥,Lying,3,37,-95,False
磯,Rock,3,39,116,False
そり,Sled,3,44,9,False
少年,juvenile,3,35,139,True
呑,Drink,3,46,7,False
國,country,3,42,0,False
##霊,## Spirit,3,26,113,False
駅名,Station name,3,37,138,False
局,Bureau,3,47,7,False
荻,Di,3,44,5,False
橋本,Hashimoto,3,35,139,True
官,official,3,36,115,False
松永,Matsunaga,3,34,133,True
田中,Tanaka,3,23,120,True
音楽,music,3,35,135,True
今井,Imai,3,36,138,True
ツ,TSU,3,34,136,False
喰,Eat,3,49,0,False
学,learn,3,34,134,True
それ,That,3,44,0,False
尼,Ni,3,54,-6,False
##照,##According to,3,37,114,False
度,Spend,3,47,6,False
合,combine,3,50,9,False
留,Keep,3,46,11,False
醍醐,Daigo,3,39,140,True
しり,Siri,3,9,6,False
井戸,well,3,31,118,False
福岡,Fukuoka,3,36,136,True
鍋,pot,3,42,0,False
花園,garden,3,28,109,False
漁師,Fisherman,3,35,135,True
味,taste,3,39,114,False
常磐,Joban,3,43,142,True
金剛,King Kong,3,34,135,True
兵衛,Bei,3,35,139,True
招,trick,3,37,114,False
旧,old,3,44,23,False
二条,Nijo,3,35,135,True
TS,TS,3,45,13,False
もう,Already,3,38,-7,False
よい,good,3,4,10,False
光明,bright,3,22,113,False
常盤,Tokiwa,3,31,130,True
利根,Tone,3,35,140,True
庫,Library,3,29,47,False
真言,Mantra,3,35,135,False
先代,Predecessor,3,35,127,False
氏,Mr,3,24,125,False
ひん,Hin,3,35,128,False
素,White,3,33,119,False
灘,beach,3,49,0,False
毛,hair,3,39,4,False
雛,Young,3,52,0,False
元禄,Genroku,3,40,140,True
国王,king,3,24,106,False
新聞,news,3,25,110,False
##岡,##冈,3,22,114,False
らい,lie,3,48,0,False
##錦,##锦,3,37,112,False
山間,Mountains,3,28,118,False
結ぶ,tie,3,30,114,False
祝,wish,3,35,132,False
いき,breath,3,33,129,False
奴,guy,3,40,-74,False
伯,Uncle,3,-17,-64,False
佐々木,Sasaki,3,37,139,True
ゆる,loose,3,-33,150,False
必,must,3,50,4,False
御影,Mikage,3,42,142,True
功,achievement,3,28,104,False
貝,cowry,3,47,-3,False
##岳,##岳,3,23,113,False
篠,Shino,3,35,137,False
坂上,Sakagami,3,36,137,True
桃,Peach,3,34,115,False
玄関,Entrance,3,34,135,True
陣,Array,3,32,130,True
##新田,## Nitta,3,25,112,False
耳,Ear,3,52,-7,False
ひな,Hina,3,10,12,False
租税,Taxation,3,32,130,False
飯田,Iida,3,35,137,True
電信,telecommunications,3,24,102,False
まで,Until,3,34,98,False
ぞ,I'm sorry,3,7,2,False
空,,3,34,137,True
土手,bank,3,35,139,False
いく,go,3,53,53,False
竪,Vertical,3,24,121,False
殻,shell,3,24,120,False
八重,Yae,3,32,107,False
ハ,C,3,-17,31,False
中将,Lieutenant General,3,31,104,False
四季,four seasons,3,24,121,True
なき,Without,3,2,20,False
ぼう,stick,3,47,2,False
##ご,##Go game,3,-15,-50,False
牧,Animal husbandry,3,-20,57,False
##ふ,##debt,3,25,56,False
怪,Strange,3,-12,-38,False
裁,Cut,3,45,10,False
うか,Or,3,39,-111,False
茨,Ts,3,7,-5,False
申,state,3,35,139,False
きた,came,3,0,-78,False
おい,Oi,3,-22,-43,False
注,Note,3,35,132,False
念仏,Nembutsu,2,58,31,False
天野,Amano,2,34,135,False
##淵,##deep,2,19,100,False
ス,vinegar,2,33,119,False
こうじ,Koji,2,35,140,False
窪,depression,2,47,-120,False
廣,wide,2,33,131,False
##や,##or,2,27,85,False
法隆寺,Horyuji Temple,2,34,135,True
役者,actor,2,36,137,False
青木,Aoki,2,34,135,True
世,World,2,24,125,False
しろ,White,2,30,-95,False
膳,Set,2,35,109,False
綺,Beautiful,2,35,139,False
大河,Dahe,2,29,109,False
ぐち,Guchi,2,24,110,False
魂,soul,2,24,121,False
ステン,Stainless,2,8,38,False
宮本,Miyamoto,2,40,140,True
木曽川,Kiso River,2,35,136,True
掛,hang,2,20,-101,False
身,body,2,35,139,False
和歌山,Wakayama,2,34,135,True
明智,wise,2,35,137,True
斎,Sai,2,35,117,False
寝,Sleeping,2,36,112,False
阿蘇,Aso,2,32,131,True
##慈,##慈,2,7,-5,False
君,you,2,-11,-75,False
あふ,Afu,2,12,39,False
千歳,Chitose,2,42,141,True
##河原,## Kawahara,2,24,115,False
もり,Mori,2,45,10,False
明治,Meiji,2,44,144,True
じゅう,gun,2,71,-53,False
随,Follow,2,31,113,False
中野,Nakano,2,35,139,True
天狗,Tengu,2,24,120,False
##狐,##fox,2,47,19,False
大中,Dazhong,2,35,136,True
ッ,Tsu,2,0,0,False
##づ,## Zu,2,52,5,False
おと,sound,2,42,-95,False
新井,Arai,2,37,138,True
##かう,##buy,2,19,-155,False
まえ,front,2,46,0,False
板橋,Itabashi,2,25,121,True
遍,all over,2,46,5,False
@,@,2,0,0,False
太宰,Dazai,2,36,139,True
おとな,Adult,2,46,13,False
斧,ax,2,25,56,False
伊丹,Itami,2,34,135,True
影,film,2,39,113,False
歌舞伎,kabuki,2,34,137,True
教,teach,2,46,130,False
もみ,Fir,2,43,0,False
かご,Basket,2,11,8,False
文字,Word,2,22,120,False
##ず,##figure,2,18,54,False
##ざん,## Zan,2,35,52,False
##月,##moon,2,23,113,False
公,male,2,28,104,False
有明,Ariake,2,35,139,True
八代,Yatsushiro,2,32,130,True
園,garden,2,19,100,False
かま,Sickle,2,34,50,False
仮,tentative,2,22,114,False
煙草,tobacco,2,30,114,False
屋敷,Mansion,2,35,138,True
白川,Shirakawa,2,32,131,True
(,(,2,0,0,False
倶,倶,2,47,7,False
天気,weather,2,33,116,False
みよし,Miyoshi,2,35,137,False
築,build,2,35,132,False
おっ,Oh,2,35,138,False
芸,Performing arts,2,25,102,False
ゆめ,dream,2,35,139,True
鼻,nose,2,50,4,False
益,beneficial,2,39,115,False
##ごく,## Very,2,18,-69,False
やすい,Cheap,2,35,135,False
本多,Honda,2,35,139,True
ヨシ,Yoshi,2,34,133,False
室町,Muromachi,2,37,126,False
鶏,chicken,2,39,116,False
こじ,Koji,2,35,140,False
八王子,Hachioji,2,35,139,True
##とめ,## Stop,2,38,141,False
動物,animal,2,36,139,False
ナ,vegetable,2,-23,17,False
見物,See things,2,34,139,True
赤松,Akamatsu,2,38,140,True
閑,Quiet,2,38,116,False
おやま,Oyama,2,36,139,False
##O,##THE,2,43,0,False
終,end,2,30,108,False
立花,Tachibana,2,34,135,True
三郎,Saburo,2,30,103,True
##ぜん,##Good,2,38,13,False
多摩,Tama,2,35,139,False
##村,##village,2,5,-74,False
賓,Bin,2,48,16,False
ひだ,Folds,2,36,137,False
湖,Lake,2,47,19,False
黄,Yellow,2,29,117,False
強盗,robbery,2,33,103,False
芝生,grass,2,35,139,True
がい,harm,2,51,58,False
帰,Return,2,27,107,False
\,\,2,0,0,False
達,Reach,2,8,-61,False
行列,Ranks,2,50,-119,False
大工,carpenter,2,35,139,False
梶原,Kajiwara,2,29,104,False
のぼ,Nobo,2,-3,138,False
でん,lightning bolt,2,46,11,False
多田,Tada,2,34,135,True
##ツ,##TSU,2,34,136,False
守山,Moriyama,2,35,135,True
聖地,Holy Land,2,36,137,False
工学,engineering,2,34,133,False
種,kind,2,30,108,False
漁,fish,2,34,113,False
鎮守,guard,2,35,136,True
##YO,##ME,2,13,-3,False
煉瓦,brick,2,49,11,False
開山,Kaishan,2,34,133,True
##速,##speed,2,33,119,False
ふる,Furu,2,27,54,False
山道,Mountain road,2,39,141,True
幻,magical,2,36,107,False
剣,sword,2,27,114,False
邦,state,2,7,15,False
積,product,2,39,116,False
さか,slope,2,41,47,False
故事,story,2,32,115,False
##場,##field,2,27,84,False
眺望,View,2,33,129,True
本間,Honma,2,32,131,False
徳川,Tokugawa,2,23,109,False
植木,Planting trees,2,32,130,True
とき,When,2,35,137,False
##玉,##Jade,2,34,113,False
##宅,##House,2,35,117,False
壺,pot,2,47,19,False
##(,##(,2,0,0,False
##ね,##Hey,2,35,104,False
たび,Every time,2,27,91,False
彦,Yan,2,29,103,False
松前,Matsumae,2,33,132,True
下田,Shimoda,2,40,141,True
##杉,##杉,2,35,109,False
調子,condition,2,40,112,False
頼朝,Yoritomo,2,36,138,True
つる,Vine,2,35,138,False
衛門,Emon,2,31,103,False
古事,ancient event,2,32,115,False
宝物,treasure,2,22,114,False
ざん,Zan,2,35,52,False
辛,pungent,2,42,85,False
うみ,sea,2,33,130,False
国府,Kokufu,2,34,137,True
がち,Tend to,2,37,44,False
広瀬,Hirose,2,35,133,True
昭和,Showa,2,35,139,True
噴水,Spray water,2,43,141,True
小坂,Kosaka,2,39,140,True
杉,Cedar,2,35,109,False
ひさ,gourd,2,35,135,True
佐賀,Saga,2,33,130,True
立山,Tateyama,2,41,123,False
羽田,Haneda,2,39,117,False
段,part,2,32,130,True
唱,Sing,2,27,84,False
っ,Tsu,2,0,0,False
県,Prefecture,2,38,116,False
賑,Relief,2,34,136,False
参議,Sangi,2,35,135,False
高崎,Takasaki,2,36,139,True
恵比寿,Ebisu,2,35,139,True
筑紫,Tsukushi,2,33,130,True
妾,concubine,2,43,4,False
繁,Complicated,2,22,114,False
インク,ink,2,35,138,True
匡,Marina,2,3,101,False
がん,cancer,2,28,116,False
大蔵省,Ministry of Finance,2,34,135,True
深谷,Fukaya,2,36,139,True
我,I,2,37,-95,False
徳,Germany,2,51,10,False
はず,Should be,2,45,15,False
麻布,Azabu,2,35,139,True
宰相,Prime minister,2,35,106,True
渋川,Shibukawa,2,36,139,True
恨,hatred,2,41,-84,False
地主,Landlord,2,34,133,False
##いん,##member,2,22,78,False
結城,Yuki,2,36,139,True
かる,Karu,2,58,25,False
金子,Kaneko,2,35,139,True
##なか,##inside,2,64,-51,False
宿場,Post station,2,35,139,True
A,A,2,14,100,False
##向,##Towards,2,27,111,False
来,Come,2,46,9,False
赤穂,Ako,2,35,137,True
KI,KI,2,0,173,False
東西,thing,2,28,106,False
為,for,2,39,114,False
六角,Hexagon,2,24,106,True
まし,Better,2,12,7,False
##ばら,## Rose,2,-4,-52,False
寿,life,2,32,116,False
##妙,##wonderful,2,40,141,False
洛陽,Luoyang,2,34,112,False
しゅう,Week,2,35,139,True
鴨,duck,2,27,85,False
小学,primary school,2,38,140,False
小川,stream,2,35,139,True
舘,Tate,2,36,115,False
##違,##Breach,2,39,114,False
さす,As expected,2,20,73,False
役,Role,2,39,115,False
平野,Plain,2,34,135,True
般,General,2,38,42,False
売,Sell,2,41,-8,False
露,dew,2,49,6,False
文明,civilization,2,24,109,True
SA,TO,2,25,42,False
テ,Te,2,35,51,False
なんば,Namba,2,34,135,True
清原,Kiyohara,2,42,124,False
大島,Oshima,2,28,129,False
鳩,Dove,2,44,23,False
きし,Knight,2,34,135,False
不思議,Mystery,2,36,139,True
橘,Tangerine,2,47,7,False
郵便,Post,2,35,139,False
フ,centre,2,25,56,False
柴,firewood,2,36,139,True
応,agreement,2,39,113,False
巴,-bar,2,44,17,False
南海,South China Sea,2,15,114,False
日高,Hidaka,2,33,130,True
静岡,Shizuoka,2,34,138,True
えび,Shrimp,2,52,0,False
おや,Oh,2,60,0,False
語,language,2,34,113,False
道具,Props,2,32,118,False
粉,pink,2,45,20,False
飛行,flight,2,34,135,False
ぶん,sentence,2,42,0,False
嶺,ridge,2,26,113,False
尚,Yet,2,43,129,False
豊橋,Toyohashi,2,34,137,True
有楽町,Yurakucho,2,35,139,True
震,shock,2,34,136,False
うじ,Maggot,2,34,135,False
寺山,Terayama,2,39,141,True
東国,Togoku,2,22,109,False
##毛,##hair,2,39,4,False
##台,##tower,2,14,100,False
月山,Gassan,2,38,140,True
たけ,Take,2,31,130,False
郡,county,2,-11,-75,False
乙女,Maiden,2,36,138,True
渓谷,Valley,2,36,103,False
うさ,Usa,2,39,-100,False
革,leather,2,41,44,False
のぶ,Nobu,2,-31,-64,False
安政,Ansei,2,48,15,False
小林,Kobayashi,2,35,140,True
なで,Stroke,2,21,108,False
##瀧,##泷,2,38,101,False
芽,bud,2,27,85,False
像,picture,2,27,111,False
原宿,Harajuku,2,35,139,True
頓,pause,2,43,1,False
縫,Seam,2,33,106,False
中田,Nakata,2,40,140,True
うま,Horse,2,32,-114,False
門前,In front of the door,2,34,133,True
派,group,2,-5,119,False
当て,Guess,2,0,0,False
百姓,Common people,2,34,105,True
絹,silk,2,35,139,True
桟橋,Pier,2,29,113,False
##れん,##Wren,2,48,-1,False
つか,burial mound,2,35,139,False
むつ,Mutsu,2,41,141,False
叶,leaf,2,16,47,False
たく,Taku,2,33,130,False
##部,##Department,2,42,-71,False
加入,join in,2,35,102,True
瓜,melon,2,20,-101,False
馬車,carriage,2,23,113,False
内務省,Ministry of Interior,2,50,14,False
河南,Henan,2,34,113,False
繋,Connection,2,39,116,False
MA,MA,2,31,-7,False
##灌,##Irrigation,2,36,115,False
鈴木,Suzuki,2,22,108,False
掌,Palm,1,34,104,False
電気,Electricity,1,33,129,False
野々,Nono,1,16,47,False
##須,##Must,1,33,133,False
虚,Imaginary,1,33,133,False
小早川,Kobayakawa,1,35,138,True
もも,Peaches,1,5,9,False
甲賀,Koka,1,25,112,False
##せん,##plug,1,41,-83,False
橿原,Kashihara,1,42,126,False
勧,Solicitation,1,-14,-75,False
つぎ,next,1,34,134,False
綱吉,Tsunayoshi,1,33,130,True
検,Inspection,1,27,114,False
かみ,Hair,1,35,134,False
陵,Mausoleum,1,26,113,False
石巻,Ishinomaki,1,38,141,True
びわ,Loquat,1,35,136,False
印刷,printing,1,35,139,True
須磨,Suma,1,34,135,True
呉,Wu,1,34,132,True
##わ,##circle,1,47,-120,False
見る,look,1,22,120,False
判,Judge,1,35,69,False
いり,Iri,1,38,46,False
New,New,1,38,-84,True
妥,Proper,1,35,139,False
曲,song,1,30,106,False
大臣,Minister,1,35,119,False
サ,SA,1,25,42,False
部,Department,1,42,-71,False
##田,##field,1,35,136,False
##郷,## Township,1,27,111,False
修験,Shugendo,1,40,123,False
任,appoint,1,48,-1,False
あい,love,1,18,-63,False
宮田,Miyata,1,35,137,True
いっ,Ichi,1,35,139,False
シ,Shi,1,24,125,False
##て,##hand,1,35,51,False
渡辺,Watanabe,1,36,140,True
さよ,Goodbye,1,35,134,False
大隈,Okuma,1,22,114,False
古城,Ancient city,1,26,100,False
##大橋,## Bridge,1,23,120,False
禁,ban,1,37,112,False
三つ,three,1,0,0,False
老,old,1,20,103,False
杉田,Sugita,1,37,140,True
願い,Wish,1,35,140,False
房総,Boso,1,35,136,False
渡船,ferry,1,34,131,False
##港,##port,1,22,114,False
天下,World,1,32,121,False
##臭,##Smelly,1,37,138,False
股,share,1,13,144,False
##な,##,1,-23,17,False
市内,city,1,39,141,False
暦,calendar,1,47,9,False
##鹿,##deer,1,49,6,False
かさ,umbrella,1,25,82,False
とお,Too,1,-24,-53,False
早川,Hayakawa,1,35,139,True
えい,Ray,1,31,130,False
京阪,Keihan,1,35,133,False
かげ,Kage,1,64,20,False
鉾,Hoko,1,38,-7,False
捨,Discard,1,40,-84,False
蘭,Orchid,1,49,3,False
ダン,group,1,34,116,False
##居,##居,1,47,7,False
大原,Ohara,1,35,140,True
祈,pray,1,35,139,False
代々,From generation to generation,1,39,112,False
昇,Noboru,1,39,141,False
関白,Kampaku,1,36,139,True
久米,Kume,1,26,127,True
##大阪,##Osaka,1,34,135,False
省,Province,1,39,141,False
畝,mu,1,-20,57,False
しゅ,Shu,1,24,121,False
杭,Hangzhou,1,35,139,False
いそ,Iso,1,35,135,False
本宮,Hongu,1,37,140,True
##まん,##full,1,21,57,False
高木,Takagi,1,34,133,True
陸,land,1,49,6,False
紙幣,Paper money,1,36,136,False
釈迦,Buddha,1,36,139,True
MIT,WITH,1,42,-71,False
放,put,1,32,110,False
普,general,1,43,12,False
赤城,Akagi,1,40,115,False
江田,Eda,1,35,139,True
荷,Lotus,1,50,9,False
いざ,It's time,1,42,-1,False
郎,Lang,1,29,93,False
彼,he,1,50,4,False
恵比,Ebi,1,26,127,False
晒,show,1,9,6,False
即,which is,1,39,116,False
干,Do,1,28,116,False
数多,Many,1,35,139,False
いすゞ,Isuzu,1,42,-93,False
がた,Rattling,1,51,3,False
##ヶ谷,## Gaya,1,0,0,False
家名,Home name,1,23,108,False
おかげ,Thanks,1,34,136,False
GI,GIVE,1,36,-5,False
清和,Qinghe,1,37,115,False
極楽,Paradise,1,35,137,True
鉢,Pot,1,-17,-64,False
跡,Trace,1,39,116,False
鞍,saddle,1,37,-4,False
みちのく,Michinoku,1,35,139,True
なぎ,Nagi,1,35,134,False
##ホテル,## Hotel,1,34,132,False
##どう,##copper,1,50,3,False
李,plum,1,47,9,False
菱,Ling,1,26,113,False
長良川,Nagara River,1,35,136,True
ちの,Chino,1,34,-117,False
調,Tune,1,36,117,False
##TO,##TO,1,-19,-175,False
##書,##Book,1,24,121,False
神谷,Kamiya,1,36,139,False
両社,Both companies,1,34,107,False
関ヶ原,Sekigahara,1,35,136,True
未,not yet,1,39,114,False
温泉,hot spring,1,44,80,False
遊女,Prostitute,1,35,136,False
出世,Born,1,35,139,False
##阪,## Band,1,38,42,False
大江,Oe,1,35,135,True
辺,Edge,1,46,5,False
沙,sand,1,26,117,False
東宝,Toho,1,31,112,False
##人,##people,1,48,-1,False
ト,door,1,-19,-175,False
りん,Rin,1,50,7,False
利,profit,1,47,9,False
降,drop,1,35,111,False
髭,beard,1,47,5,False
事務所,office,1,35,138,False
ぎょ,Gyo,1,21,96,False
法名,Legal name,1,52,-1,False
OS,YOU,1,43,0,False
信玄,Shingen,1,37,140,True
よる,evening,1,48,2,False
##K,##K,1,46,14,False
なら,If,1,0,166,False
陶,pottery,1,34,115,False
成就,Achievement,1,22,112,True
斗,fight,1,50,3,False
今や,now,1,36,104,False
四谷,Yotsuya,1,24,120,False
##),##),1,0,0,False
誠,Sincere,1,22,115,False
伝送,transmission,1,23,120,False
寧,rather,1,37,105,False
幕,screen,1,-20,57,False
##先,##First,1,38,116,False
勝山,Katsuyama,1,35,136,True
音頭,Ondo,1,25,109,False
太子,Prince,1,22,114,False
##ゅう,##,1,0,0,False
きち,Kichi,1,42,43,False
あま,Ama,1,31,35,False
いの,Ino,1,33,133,False
護,Protect,1,47,19,False
その,the,1,24,86,False
蔵王,Zao,1,38,140,True
雄,male,1,39,116,False
靖国,Yasukuni,1,38,139,False
女優,actress,1,43,-79,False
うき,Uki,1,60,21,False
OH,OH,1,40,-82,False
千葉,Chiba,1,35,140,True
把,Bundle,1,44,17,False
##不動,## Immovable,1,39,141,False
承,Inherit,1,22,115,False
##笹,## Sasa,1,46,8,False
まみ,Mami,1,42,42,False
##本,##Book,1,46,7,False
水辺,Waterside,1,22,112,False
親王,Prince,1,21,108,False
まる,circle,1,33,48,False
笠原,Kasahara,1,37,140,False
賃,rent,1,37,110,False
毒,poison,1,47,6,False
聖堂,Shrine,1,22,112,False
たち,We,1,23,104,False
納,Na,1,-23,17,False
弾,Bullet,1,34,116,False
#,#,1,0,0,False
##麦,##wheat,1,41,-8,False
上海,Shanghai,1,31,121,False
みん,Min,1,26,117,False
かき,Oysters,1,28,51,False
桂,Gui,1,27,107,False
##野,##wild,1,16,47,False
ぎり,Giri,1,36,50,False
八郎,Hachiro,1,34,104,True
津山,Tsuyama,1,35,134,True
丁目,Chome,1,33,131,False
楊,Yang,1,33,107,False
##I,##I,1,47,11,False
##し,##death,1,24,125,False
暑,Hot,1,24,121,False
##府,##府,1,25,56,False
下部,beneath,1,35,138,True
##洲,##洲,1,34,133,False
鎌,Sickle,1,31,119,False
##諏,##pick,1,7,2,False
中嶋,Nakajima,1,32,130,False
興福寺,Kofukuji Temple,1,34,135,True
たた,very much,1,47,18,False
##しみ,## Blemish,1,9,34,False
相生,Aioi,1,34,134,True
優,excellent,1,27,113,False
芙,Fu,1,25,56,False
聖徳,Holy virtue,1,36,137,False
I,I,1,47,11,False
中之,In,1,32,100,False
信夫,Nobuo,1,11,107,False
##暮,##twilight,1,-20,57,False
諸国,Countries,1,33,130,False
KA,KA,1,14,75,False
指,refer to,1,47,7,False
[,[,1,0,0,False
##のう,##brain,1,-22,166,False
圓,round,1,19,100,False
式部,Shikibu,1,35,139,False
眼,Eye,1,29,103,False
ひょう,hail,1,33,130,False
やき,Yaki,1,48,2,False
翠,emerald,1,31,118,False
TO,TO,1,-19,-175,False
宇都,Uto,1,25,115,False
郷,Township,1,27,111,False
##瀬川,## Segawa,1,39,141,False
上人,Master,1,28,120,False
植,plant,1,34,136,True
##鋸,##saw,1,47,7,False
館,Pavilion,1,36,115,False
はつ,first time,1,33,130,False
##ASH,##ASH,1,51,0,False
楽屋,dressing room,1,28,102,False
##はし,##bridge,1,34,132,False
漫画,comics,1,20,104,False
舎,House,1,40,-84,False
農村,Rural area,1,34,114,False
イナ,Ina,1,35,137,False
##U,## U,1,-43,-68,False
小松,Komatsu,1,36,136,True
隈,Kuma,1,39,114,False
悲,sad,1,47,-3,False
是,Yes,1,24,125,False
平等,equality,1,29,106,False
観,View,1,36,115,False
##がい,##harm,1,51,58,False
欧,Europe,1,51,10,False
熱,hot,1,44,10,False
TE,AT,1,35,51,False
訪,visit,1,32,110,False
飛来,Flying,1,25,123,False
宮崎,Miyazaki,1,31,131,True
写真,Photo,1,35,139,True
また,also,1,-29,-54,False
南京,Nanjing,1,32,118,False
森田,Morita,1,36,136,True
込,Included,1,34,113,False
曼,Man,1,21,57,False
ひがし,Higashi,1,26,128,False
正徳,Shotoku,1,34,131,False
読,Reading,1,47,6,False
町田,Machida,1,35,139,True
ケ,Ke,1,1,38,False
奉公,Hokō,1,35,139,False
野中,Nonaka,1,33,129,True
護国,Guardian country,1,32,118,False
CAS,CASE,1,5,-71,False
喬,Joe,1,24,120,False
まず,first,1,45,7,False
欠,owe,1,27,107,False
ない,No,1,43,0,False
執行,implement,1,37,127,False
日蓮宗,Nichiren sect,1,34,135,False
威,Prestige,1,36,115,False
##髪,##hair,1,29,53,False
区,Area,1,30,106,False
神武,Shenwu,1,34,113,False
督,Supervise,1,47,6,False
あき,free space,1,34,132,False
勇,Brave,1,18,105,False
若宮,Wakamiya,1,37,139,True
雅,elegant,1,27,85,False
萬,ten thousand,1,32,117,False
##ん,##Hmm,1,2,102,False
##ぬ,## Nu,1,40,-74,False
##び,##Beauty,1,50,4,False
国人,Chinese,1,48,-1,False
南国,Tropical,1,24,120,False
兜,pocket,1,50,3,False
##KI,##KI,1,0,173,False
ところ,By the way,1,44,6,False
##たま,##Marble,1,42,-92,False
黒木,Kuroki,1,37,140,True
若松,Wakamatsu,1,33,130,True
狩野,Kano,1,35,139,True
藍,Blue,1,49,3,False
中興,ZTE,1,19,110,False
##宰,##slaughter,1,-6,13,False
諫,admonish,1,27,114,False
河口,estuary,1,22,103,False
應,answer,1,39,113,False
式,Mode,1,24,125,False
##破,##break,1,43,11,False
##ひ,##fire,1,19,-155,False
朝鮮,Korea,1,40,127,False
ウエ,Ue,1,11,-4,False
ふし,Fushi,1,29,118,False
釜,Kettle,1,25,56,False
##AK,##IF,1,64,-149,False
##根,##root,1,47,-1,False
##鷲,##eagle,1,44,23,False
いろ,colour,1,4,32,False
恒,Constant,1,22,109,False
駐,Resident,1,35,132,False
ゆき,snow,1,36,139,False
##栗,##chestnut,1,47,9,False
座敷,Zashiki,1,32,130,False
返,return,1,22,114,False
目録,Catalog,1,37,61,False
雀,bird,1,20,-100,False
##房,##House,1,32,110,False
灯,light,1,37,136,True
三菱,Mitsubishi,1,33,133,False
田園,rural,1,27,113,False
輪,wheel,1,47,105,False
トリ,bird,1,45,7,False
違,Violate,1,39,114,False
捕,catch,1,42,-71,False
のせ,Nose,1,34,135,False
NO,NO,1,60,9,False
疎,Sparse,1,24,121,False
大友,Otomo,1,37,139,True
らく,easy,1,46,25,False
##牧,##牧,1,-20,57,False
シロ,White,1,30,-95,False
##髭,##beard,1,47,5,False
##ぐ,##ingredient,1,13,144,False
府立,Prefectural,1,24,110,False
武藤,Muto,1,33,130,True
伊達,Date,1,37,140,True
日本一,No. 1 in Japan,1,34,135,True
顔,face,1,29,103,False
休憩,rest,1,38,140,False
こん,dark blue,1,49,19,False
##松,##loose,1,2,112,False
天皇,Emperor,1,29,118,False
一つ,One,1,35,139,False
海部,Kaifu,1,33,134,True
ここ,here,1,57,26,False
孔,hole,1,9,-4,False
幾,Several,1,39,116,False
##る,##,1,54,-3,False
フジ,Fuji,1,35,138,False
秀,show,1,34,131,False
うる,sell,1,32,66,False
別当,Betto,1,35,134,True
燈,light,1,5,97,False
磐梯,Bandai,1,15,120,False
広島,Hiroshima,1,34,132,True
実,fruit,1,24,125,False
團,group,1,35,114,False
タン,Tan,1,49,0,False
大塚,Otsuka,1,35,139,True
川辺,Kawabe,1,38,141,True
開花,flowering,1,23,104,False
兵,Soldiers,1,37,138,False
##JI,##FROM THE,1,39,116,False
除,remove,1,52,0,False
洋,foreign,1,33,107,False
霜,Frost,1,34,135,False
能楽,Nogaku,1,35,135,False
鯖,mackerel,1,39,140,False
司,manage,1,45,14,False
密,dense,1,39,-100,False
支那,China,1,25,98,False
会津,Aizu,1,25,102,False
高野山,Koyasan,1,34,135,True
すぎ,Too,1,36,140,False
買,Buy,1,41,-8,False
そら,Sky,1,44,0,False
くろ,black,1,49,21,False
地方,place,1,34,133,False
松戸,Matsudo,1,35,139,True
榎,榎,1,38,110,False
祭礼,Festival,1,28,113,False
きれ,Cut,1,13,6,False
京大,Kyoto University,1,15,39,False
蒼,Cang,1,29,90,False
岩倉,Iwakura,1,35,136,True
寅,Yin,1,43,81,False
道中,Along the way,1,35,139,False
##地,##land,1,51,10,False
ねん,year,1,67,57,False
街道,Street,1,32,116,True
規,regulation,1,27,107,False
事,case,1,24,125,False
将軍,Shogun,1,29,103,False
位,Rank,1,39,114,False
按,according to,1,37,-4,False
建,establish,1,27,114,False
##かせ,##skein,1,38,35,False
##ケ谷,## Kaya,1,50,36,False
長屋,Nagaya,1,35,107,False
同志社,Doshisha,1,35,135,False
楚,Chu,1,52,0,False
尊,Respect,1,51,102,False
たる,Taru,1,45,12,False
租,rent,1,18,54,False
千島,Thousand Islands,1,32,128,False
士,scholar,1,24,125,False
ぱ,Pa,1,40,-77,False
##かん,##intuition,1,38,-98,False
平戸,Hirado,1,30,121,False
交,pay,1,46,130,False
ざい,fortune,1,-6,13,False
博多,Hakata,1,33,130,True
客,guest,1,1,38,False
博覧,Expo,1,52,19,False
##US,##US,1,39,-100,False
どこ,Where,1,12,9,False
おら,Ora,1,35,0,False
織,Weave,1,47,7,False
班,class,1,38,42,False
獄,prison,1,34,113,False
##坊,##坊,1,32,110,False
##津川,## Tsugawa,1,31,102,False
つつ,While,1,57,27,False
しみ,Blemish,1,9,34,False
伏,Volt,1,25,56,False
##む,##nothing,1,-20,57,False
##IN,##IN,1,22,78,False
江口,Eguchi,1,27,108,False
O,THE,1,43,0,False
かも,maybe,1,37,139,False
アタ,Ata,1,-21,-50,False
さかい,Sakai,1,34,135,False
松村,Matsumura,1,23,109,True
離,Leave,1,47,9,False
図,figure,1,-26,-64,False
ささ,Sasa,1,41,36,False
河東,Hedong,1,35,111,False
閣,Pavilion,1,41,44,False
バシ,Bashi,1,28,51,False
白金,platinum,1,42,129,False
Y,Y,1,42,12,False
区内,District,1,28,77,False
苗,Seedling,1,22,106,True
勝頼,Katsuyori,1,34,135,False
丸の内,Marunouchi,1,35,139,True
山田,Yamada,1,34,135,True
幸,fortunate,1,38,111,False
よう,Yo,1,27,113,False
仙,Cents,1,38,116,False
むす,Musu,1,33,96,False
暁,Akatsuki,1,35,137,False
##じょう,##affection,1,41,-7,False
書く,write,1,0,30,False
化,change,1,16,107,False
わが,My,1,49,20,False
漏,leak,1,58,22,False
練,practice,1,31,119,False
ふら,Fura,1,50,4,False
梅田,Umeda,1,34,135,True
三日月,Crescent Moon,1,34,134,True
海辺,Seaside,1,35,139,True
秀吉,Hideyoshi,1,35,139,True
祠,temple,1,7,-5,False
##見,##You see,1,27,114,False
かえ,change,1,7,100,False
初日,first day,1,22,120,True
家光,Iemitsu,1,36,139,False
さと,Sato,1,60,4,False
生田,Ikuta,1,35,139,True
##峠,## Pass,1,37,140,False
貫,Run through,1,36,115,False
附,Attached,1,25,56,False
陸軍,army,1,22,107,False
思,think,1,45,14,False
のぼり,Nobori,1,35,139,False
池田,Ikeda,1,42,143,True
セ,Se,1,59,14,False
念,read,1,-5,146,False
水戸,Mito,1,36,140,True
##徳,##徳,1,51,10,False
##墓,##tomb,1,-20,57,False
どん,Don,1,47,37,False
帝国,empire,1,39,140,False
筑,build,1,35,132,False
きみ,you,1,38,24,False
いよ,I'm sorry,1,33,132,False
憲法,constitution,1,-14,-75,False
##結,##Knot,1,34,135,False
蛇,snake,1,40,-84,False
まき,Maki,1,53,22,False
鳥海,Toriumi,1,35,139,True
六甲,Rokko,1,34,135,True
##沼,##湿,1,37,114,False
##ちょう,##butterfly,1,37,138,False
羽柴,Hashiba,1,22,113,False
##ほん,##book,1,29,15,False
三越,Mitsukoshi,1,38,140,True
秋田,Akita,1,39,140,True
福知,Fukuchi,1,34,134,False
打,hit,1,8,-61,False
峡,gorge,1,35,111,False
膝,knees,1,26,101,False
狩,hunting,1,32,116,False
闘,Tian,1,50,3,False
##SU,##HIS,1,33,119,False
入道,Entrance,1,35,138,False
森下,Morishita,1,35,139,True
傘,umbrella,1,48,3,False
づか,Zuka,1,34,135,False
廻,Circumference,1,2,-75,False
日の出,sunrise,1,35,139,True
山科,Yamashina,1,34,135,True
蝦夷,Ezo,1,34,116,False
柏,Cypress,1,35,139,True
みか,Mika,1,46,24,False
司馬,Sima,1,22,120,True
狭間,The gap,1,35,139,True
##けい,##celebrate,1,25,83,False
累,tired,1,17,101,False
神殿,Shrine,1,36,138,True
微妙,subtle,1,33,116,False
浮気,Cheating,1,34,133,False
大将,general,1,35,135,False
HO,HO,1,27,56,False
幼,young,1,27,113,False
往,Past,1,48,11,False
貢,tribute,1,28,104,False
なが,Naga,1,13,123,False
澤,Ze,1,43,0,False
碧,Bi,1,50,4,False
童,child,1,58,-6,False
にわ,garden,1,39,116,False
ゆり,Lily,1,43,146,False
喜多,Kita,1,35,135,True
こし,Koshi,1,26,86,False
陰,Negative,1,43,81,False
杖,Wand,1,34,104,False
がく,frame,1,34,134,False
煙,cigarette,1,29,103,False
とら,Tiger,1,41,1,False
浄,Jyo,1,39,116,False
神事,Shinto ritual,1,28,98,False
おも,Mainly,1,55,11,False
書院,Academy,1,35,135,True
ニ,D,1,54,-6,False
山上,On the mountain,1,34,133,True
ギ,Gi,1,36,-5,False
軽井沢,Karuizawa,1,36,138,True
岳,Yue,1,23,113,False
後楽園,Korakuen,1,35,139,True
捕鯨,whaling,1,23,106,False
朝方,Morning,1,24,107,False
めぐり,Meguri,1,38,46,False
摩耶,Maya,1,34,135,True
中宮,Nakamiya,1,35,137,True
各,each,1,41,44,False
並,and,1,37,138,False
##仙,##仙,1,38,116,False
##塔,##tower,1,40,17,False
くま,Bear,1,32,130,False
工場,plant,1,35,139,True
ハト,Pigeon,1,6,-73,False
庭園,garden,1,30,106,False
##やま,##Mountain,1,16,47,False
こぼ,Spill,1,4,22,False
摺,Sliding,1,29,119,False
京都大,Kyoto University,1,35,135,False
ちゃ,tea,1,38,-28,False
小名,Nickname,1,34,135,True
取,Pick,1,30,106,False
俗,Vulgar,1,33,119,False
望月,Mochizuki,1,36,138,True
佛,Buddha,1,25,56,False
西成,Nishinari,1,22,112,True
芦屋,Ashiya,1,34,135,True
瓦,watt,1,47,-120,False
箕面,Minoh,1,34,135,True
菜,vegetable,1,45,10,False
長者,Senior citizens,1,35,133,True
H,H,1,50,9,False
平井,Hirai,1,35,139,True
おろ,Grate,1,-9,148,False
入間,Iruma,1,34,138,True
##@,##@,1,0,0,False
才,talent,1,45,10,False
##串,##string,1,30,102,False
ヤ,Ya,1,27,85,False
直方,Nogata,1,33,130,True
これ,this,1,48,-3,False
##田川,## Tagawa,1,34,137,False
旗,flag,1,35,139,False
函館,Hakodate,1,41,140,True
吊り,Hanging,1,35,139,False
##ON,##ON,1,50,-86,False
大きな,big,1,35,139,False
弘法,Kofa,1,34,135,True
法華,Houka,1,34,136,False
炭,carbon,1,49,0,False
より,Than,1,39,67,False
櫓,scull,1,49,6,False
拝殿,Haiden,1,30,119,False
##町,##town,1,39,140,False
砂糖,sugar,1,22,108,False
しんじ,Shinji,1,35,132,False
東口,East exit,1,27,110,False
##船,##ferry,1,30,102,False
佐倉,Sakura,1,35,140,True
国産,Domestic,1,35,139,False
南東,Southeast,1,34,111,False
植物,plant,1,33,113,False
##渕,##渕,1,19,100,False
頂,top,1,35,137,False
くる,come,1,46,9,False
押,Bet,1,27,85,False
シル,Sill,1,0,34,False
##茅,##茂,1,39,4,False
いい,Good,1,-23,-69,False
宅,House,1,35,117,False
ながら,While,1,32,80,False
のぞ,Nozomi,1,0,0,False
川越,Kawagoe,1,35,139,True
る,Ru,1,54,-3,False
##拾,##pickup,1,24,125,False
統,Unify,1,58,-6,False
邑,Yap,1,39,115,False
##しも,## Shimo,1,35,139,False
樋,gutter,1,58,-6,False
##瀬,##瀬,1,46,9,False
維新,Restoration,1,27,105,False
幕府,Shogunate,1,42,140,False
こみ,Komi,1,63,54,False
桃園,Peach orchard,1,24,121,True
##丁,##Ding,1,35,111,False
談,talk,1,49,0,False
勾,hook,1,9,13,False
##花,##flower,1,16,107,False
刀,Knife,1,25,111,False
